alg,SUT,rep,# unix_time, cycles_done, cur_path, paths_total, pending_total, pending_favs, map_size, unique_crashes, unique_hangs, max_depth, execs_per_sec, total_execs, edges_found
AFLfast,pdftops,10,1206, 0, 2, 10, 10, 10, 0.09%, 0, 0, 1, 120.00, 81, 7342
AFLfast,pdftops,10,5999, 0, 2, 10, 10, 10, 0.09%, 0, 0, 1, 0.96, 86, 7342
AFLfast,pdftops,10,11139, 0, 2, 10, 10, 10, 0.09%, 0, 0, 1, 0.96, 91, 7342
AFLfast,pdftops,10,16237, 0, 2, 10, 10, 10, 0.09%, 0, 0, 1, 0.97, 96, 7342
AFLfast,pdftops,10,21430, 0, 2, 10, 10, 10, 0.09%, 0, 0, 1, 0.98, 101, 7342
AFLfast,pdftops,10,26864, 0, 2, 10, 10, 10, 0.09%, 0, 0, 1, 1.02, 107, 7342
AFLfast,pdftops,10,32918, 0, 2, 10, 10, 10, 0.09%, 0, 0, 1, 0.96, 111, 7342
AFLfast,pdftops,10,38914, 0, 2, 10, 10, 10, 0.09%, 0, 0, 1, 0.93, 116, 7342
AFLfast,pdftops,10,43994, 0, 2, 10, 10, 10, 0.09%, 0, 0, 1, 0.95, 121, 7342
AFLfast,pdftops,10,49186, 0, 2, 10, 10, 10, 0.09%, 0, 0, 1, 0.97, 126, 7342
AFLfast,pdftops,10,54217, 0, 2, 10, 10, 10, 0.09%, 0, 0, 1, 0.98, 131, 7342
AFLfast,pdftops,10,59359, 0, 2, 10, 10, 10, 0.09%, 0, 0, 1, 0.93, 135, 7342
AFLfast,pdftops,10,65326, 0, 2, 10, 10, 10, 0.09%, 0, 0, 1, 0.91, 140, 7342
AFLfast,pdftops,10,70847, 0, 2, 10, 10, 10, 0.09%, 0, 0, 1, 0.91, 145, 7342
AFLfast,pdftops,10,76658, 0, 2, 10, 10, 10, 0.09%, 0, 0, 1, 1.02, 152, 7342
AFLfast,pdftops,10,81960, 0, 2, 10, 10, 10, 0.09%, 0, 0, 1, 1.06, 158, 7342
AFLfast,pdftops,10,87056, 0, 2, 10, 10, 10, 0.09%, 0, 0, 1, 1.10, 164, 7342
AFLfast,pdftops,10,92552, 0, 2, 10, 10, 10, 0.09%, 0, 0, 1, 1.10, 170, 7342
AFLfast,pdftops,10,97632, 0, 2, 10, 10, 10, 0.09%, 0, 0, 1, 1.07, 175, 7342
AFLfast,pdftops,10,103618, 0, 2, 10, 10, 10, 0.09%, 0, 0, 1, 1.12, 182, 7342
AFLfast,pdftops,10,108768, 0, 2, 10, 10, 10, 0.09%, 0, 0, 1, 1.14, 188, 7342
AFLfast,pdftops,10,114154, 0, 2, 10, 10, 10, 0.09%, 0, 0, 1, 1.16, 194, 7342
AFLfast,pdftops,10,119518, 0, 2, 10, 10, 10, 0.09%, 0, 0, 1, 1.15, 200, 7342
AFLfast,pdftops,10,124600, 0, 2, 10, 10, 10, 0.09%, 0, 0, 1, 1.15, 206, 7342
AFLfast,pdftops,10,129940, 0, 2, 10, 10, 10, 0.09%, 0, 0, 1, 1.16, 212, 7342
AFLfast,pdftops,10,135752, 0, 2, 10, 10, 10, 0.09%, 0, 0, 1, 1.18, 219, 7342
AFLfast,pdftops,10,140966, 0, 2, 10, 10, 10, 0.09%, 0, 0, 1, 1.18, 225, 7342
AFLfast,pdftops,10,146700, 0, 2, 10, 10, 10, 0.09%, 0, 0, 1, 1.19, 232, 7342
AFLfast,pdftops,10,152031, 0, 2, 10, 10, 10, 0.09%, 0, 0, 1, 1.17, 238, 7342
AFLfast,pdftops,10,157136, 0, 2, 10, 10, 10, 0.09%, 0, 0, 1, 1.17, 244, 7342
AFLfast,pdftops,10,162299, 0, 2, 10, 10, 10, 0.09%, 0, 0, 1, 1.18, 250, 7342
AFLfast,pdftops,10,168054, 0, 2, 10, 10, 10, 0.09%, 0, 0, 1, 1.20, 257, 7342
AFLfast,pdftops,10,173488, 0, 2, 10, 10, 10, 0.09%, 0, 0, 1, 1.22, 264, 7342
AFLfast,pdftops,10,178786, 0, 2, 10, 10, 10, 0.09%, 0, 0, 1, 1.21, 270, 7342
AFLfast,pdftops,10,183940, 0, 2, 10, 10, 10, 0.09%, 0, 0, 1, 1.19, 276, 7342
AFLfast,pdftops,10,189000, 0, 2, 10, 10, 10, 0.09%, 0, 0, 1, 1.15, 281, 7342
AFLfast,pdftops,10,194398, 0, 2, 10, 10, 10, 0.09%, 0, 0, 1, 1.16, 287, 7342
AFLfast,pdftops,10,199632, 0, 2, 10, 10, 10, 0.09%, 0, 0, 1, 1.14, 293, 7342
AFLfast,pdftops,10,204953, 0, 2, 10, 10, 10, 0.09%, 0, 0, 1, 1.16, 299, 7342
AFLfast,pdftops,10,210392, 0, 2, 10, 10, 10, 0.09%, 0, 0, 1, 1.13, 305, 7342
AFLfast,pdftops,10,216271, 0, 2, 10, 10, 10, 0.09%, 0, 0, 1, 1.18, 312, 7342
AFLfast,pdftops,10,221938, 0, 2, 10, 10, 10, 0.09%, 0, 0, 1, 1.14, 318, 7342
AFLfast,pdftops,10,227082, 0, 2, 10, 10, 10, 0.09%, 0, 0, 1, 1.15, 324, 7342
AFLfast,pdftops,10,232286, 0, 2, 10, 10, 10, 0.09%, 0, 0, 1, 1.17, 330, 7342
AFLfast,pdftops,10,237447, 0, 2, 10, 10, 10, 0.09%, 0, 0, 1, 1.15, 336, 7342
AFLfast,pdftops,10,242978, 0, 2, 10, 10, 10, 0.09%, 0, 0, 1, 1.15, 342, 7342
AFLfast,pdftops,10,248317, 0, 2, 10, 10, 10, 0.09%, 0, 0, 1, 1.15, 348, 7342
AFLfast,pdftops,10,253312, 0, 2, 10, 10, 10, 0.09%, 0, 0, 1, 1.16, 354, 7342
AFLfast,pdftops,10,259184, 0, 2, 10, 10, 10, 0.09%, 0, 0, 1, 1.18, 361, 7342
AFLfast,pdftops,10,264570, 0, 2, 10, 10, 10, 0.09%, 0, 0, 1, 1.17, 367, 7342
AFLfast,pdftops,10,270234, 0, 2, 10, 10, 10, 0.09%, 0, 0, 1, 1.19, 374, 7342
AFLfast,pdftops,10,276083, 0, 2, 10, 10, 10, 0.09%, 0, 0, 1, 1.20, 381, 7342
AFLfast,pdftops,10,281526, 0, 2, 10, 10, 10, 0.09%, 0, 0, 1, 1.19, 387, 7342
AFLfast,pdftops,10,286612, 0, 2, 10, 10, 10, 0.09%, 0, 0, 1, 1.18, 393, 7342
AFLfast,pdftops,10,292624, 0, 2, 10, 10, 10, 0.09%, 0, 0, 1, 1.14, 399, 7342
AFLfast,pdftops,10,298572, 0, 2, 10, 10, 10, 0.09%, 0, 0, 1, 1.10, 405, 7342
AFLfast,pdftops,10,304265, 0, 2, 10, 10, 10, 0.09%, 0, 0, 1, 1.08, 411, 7342
AFLfast,pdftops,10,309996, 0, 2, 10, 10, 10, 0.09%, 0, 0, 1, 1.08, 417, 7342
AFLfast,pdftops,10,316074, 0, 2, 10, 10, 10, 0.09%, 0, 0, 1, 1.06, 423, 7342
AFLfast,pdftops,10,321456, 0, 2, 10, 10, 10, 0.09%, 0, 0, 1, 1.04, 428, 7342
AFLfast,pdftops,10,326951, 0, 2, 10, 10, 10, 0.09%, 0, 0, 1, 1.05, 434, 7342
AFLfast,pdftops,10,332272, 0, 2, 10, 10, 10, 0.09%, 0, 0, 1, 1.08, 440, 7342
AFLfast,pdftops,10,337440, 0, 2, 10, 10, 10, 0.09%, 0, 0, 1, 1.05, 445, 7342
AFLfast,pdftops,10,343275, 0, 2, 10, 10, 10, 0.09%, 0, 0, 1, 1.11, 452, 7342
AFLfast,pdftops,10,348570, 0, 2, 10, 10, 10, 0.09%, 0, 0, 1, 1.12, 458, 7342
AFLfast,pdftops,10,354400, 0, 2, 10, 10, 10, 0.09%, 0, 0, 1, 1.10, 464, 7342
AFLfast,pdftops,10,359528, 0, 2, 10, 10, 10, 0.09%, 0, 0, 1, 1.12, 470, 7342
AFLfast,pdftops,10,365147, 0, 2, 10, 10, 10, 0.09%, 0, 0, 1, 1.11, 476, 7342
AFLfast,pdftops,10,370566, 0, 2, 10, 10, 10, 0.09%, 0, 0, 1, 1.12, 482, 7342
AFLfast,pdftops,10,376274, 0, 2, 10, 10, 10, 0.09%, 0, 0, 1, 1.16, 489, 7342
AFLfast,pdftops,10,381354, 0, 2, 10, 10, 10, 0.09%, 0, 0, 1, 1.17, 495, 7342
AFLfast,pdftops,10,386628, 0, 2, 10, 10, 10, 0.09%, 0, 0, 1, 1.16, 501, 7342
AFLfast,pdftops,10,392715, 0, 2, 10, 10, 10, 0.09%, 0, 0, 1, 1.11, 507, 7342
AFLfast,pdftops,10,397989, 0, 2, 10, 10, 10, 0.09%, 0, 0, 1, 1.13, 513, 7342
AFLfast,pdftops,10,403444, 0, 2, 10, 10, 10, 0.09%, 0, 0, 1, 1.12, 519, 7342
AFLfast,pdftops,10,409128, 0, 2, 10, 10, 10, 0.09%, 0, 0, 1, 1.10, 525, 7342
AFLfast,pdftops,10,414171, 0, 2, 10, 10, 10, 0.09%, 0, 0, 1, 1.08, 530, 7342
AFLfast,pdftops,10,420077, 0, 2, 10, 10, 10, 0.09%, 0, 0, 1, 1.07, 536, 7342
AFLfast,pdftops,10,425656, 0, 2, 10, 10, 10, 0.09%, 0, 0, 1, 1.02, 541, 7342
AFLfast,pdftops,10,431239, 0, 2, 10, 10, 10, 0.09%, 0, 0, 1, 1.05, 547, 7342
AFLfast,pdftops,10,437136, 0, 2, 10, 10, 10, 0.09%, 0, 0, 1, 1.05, 553, 7342
AFLfast,pdftops,10,442014, 0, 2, 10, 10, 10, 0.09%, 0, 0, 1, 1.03, 558, 7342
AFLfast,pdftops,10,447591, 0, 2, 10, 10, 10, 0.09%, 0, 0, 1, 1.05, 564, 7342
AFLfast,pdftops,10,452826, 0, 2, 10, 10, 10, 0.09%, 0, 0, 1, 1.09, 570, 7342
AFLfast,pdftops,10,458054, 0, 2, 10, 10, 10, 0.09%, 0, 0, 1, 1.11, 576, 7342
AFLfast,pdftops,10,463320, 0, 2, 10, 10, 10, 0.09%, 0, 0, 1, 1.12, 582, 7342
AFLfast,pdftops,10,468978, 0, 2, 10, 10, 10, 0.09%, 0, 0, 1, 1.13, 588, 7342
AFLfast,pdftops,10,474298, 0, 2, 10, 10, 10, 0.09%, 0, 0, 1, 1.13, 594, 7342
AFLfast,pdftops,10,479861, 0, 2, 10, 10, 10, 0.09%, 0, 0, 1, 1.18, 601, 7342
AFLfast,pdftops,10,484963, 0, 2, 10, 10, 10, 0.09%, 0, 0, 1, 1.18, 607, 7342
AFLfast,pdftops,10,490020, 0, 2, 10, 10, 10, 0.09%, 0, 0, 1, 1.17, 613, 7342
AFLfast,pdftops,10,495084, 0, 2, 10, 10, 10, 0.09%, 0, 0, 1, 1.18, 619, 7342
AFLfast,pdftops,10,500330, 0, 2, 10, 10, 10, 0.09%, 0, 0, 1, 1.13, 624, 7342
AFLfast,pdftops,10,505920, 0, 2, 10, 10, 10, 0.09%, 0, 0, 1, 1.11, 630, 7342
AFLfast,pdftops,10,511276, 0, 2, 10, 10, 10, 0.09%, 0, 0, 1, 1.12, 636, 7342
AFLfast,pdftops,10,517071, 0, 2, 10, 10, 10, 0.09%, 0, 0, 1, 1.10, 642, 7342
AFLfast,pdftops,10,522904, 0, 2, 10, 10, 10, 0.09%, 0, 0, 1, 1.08, 648, 7342
AFLfast,pdftops,10,528877, 0, 2, 10, 10, 10, 0.09%, 0, 0, 1, 1.07, 654, 7342
AFLfast,pdftops,10,534671, 0, 2, 10, 10, 10, 0.09%, 0, 0, 1, 1.07, 660, 7342
AFLfast,pdftops,10,539854, 0, 2, 10, 10, 10, 0.09%, 0, 0, 1, 1.05, 665, 7342
AFLfast,pdftops,10,544680, 0, 2, 10, 10, 10, 0.09%, 0, 0, 1, 1.03, 670, 7342
AFLfast,pdftops,10,550351, 0, 2, 10, 10, 10, 0.09%, 0, 0, 1, 1.04, 676, 7342
AFLfast,pdftops,10,556322, 0, 2, 10, 10, 10, 0.09%, 0, 0, 1, 1.04, 682, 7342
AFLfast,pdftops,10,561586, 0, 2, 10, 10, 10, 0.09%, 0, 0, 1, 1.03, 687, 7342
AFLfast,pdftops,10,567267, 0, 2, 10, 10, 10, 0.09%, 0, 0, 1, 1.05, 693, 7342
AFLfast,pdftops,10,572982, 0, 2, 10, 10, 10, 0.09%, 0, 0, 1, 1.05, 699, 7342
AFLfast,pdftops,10,579190, 0, 2, 10, 10, 10, 0.09%, 0, 0, 1, 1.03, 705, 7342
AFLfast,pdftops,10,584627, 0, 2, 10, 10, 10, 0.09%, 0, 0, 1, 1.05, 711, 7342
AFLfast,pdftops,10,590650, 0, 2, 10, 10, 10, 0.09%, 0, 0, 1, 1.04, 717, 7342
AFLfast,pdftops,10,595660, 0, 2, 10, 10, 10, 0.09%, 0, 0, 1, 1.03, 722, 7342
AFLfast,pdftops,10,601210, 0, 2, 10, 10, 10, 0.09%, 0, 0, 1, 1.06, 728, 7342
AFLfast,pdftops,10,606919, 0, 2, 10, 10, 10, 0.09%, 0, 0, 1, 1.06, 734, 7342
AFLfast,pdftops,10,612634, 0, 2, 10, 10, 10, 0.09%, 0, 0, 1, 1.06, 740, 7342
AFLfast,pdftops,10,618329, 0, 2, 10, 10, 10, 0.09%, 0, 0, 1, 1.07, 746, 7342
AFLfast,pdftops,10,623915, 0, 2, 10, 10, 10, 0.09%, 0, 0, 1, 1.07, 752, 7342
AFLfast,pdftops,10,629712, 0, 2, 10, 10, 10, 0.09%, 0, 0, 1, 1.07, 758, 7342
AFLfast,pdftops,10,634703, 0, 2, 10, 10, 10, 0.09%, 0, 0, 1, 1.04, 763, 7342
AFLfast,pdftops,10,640814, 0, 2, 10, 10, 10, 0.09%, 0, 0, 1, 1.05, 769, 7342
AFLfast,pdftops,10,645763, 0, 2, 10, 10, 10, 0.09%, 0, 0, 1, 1.03, 774, 7342
AFLfast,pdftops,10,651858, 0, 2, 10, 10, 10, 0.09%, 0, 0, 1, 1.02, 780, 7342
AFLfast,pdftops,10,656951, 0, 2, 10, 10, 10, 0.09%, 0, 0, 1, 1.01, 785, 7342
AFLfast,pdftops,10,662118, 0, 2, 10, 10, 10, 0.09%, 0, 0, 1, 1.01, 790, 7342
AFLfast,pdftops,10,667713, 0, 2, 10, 10, 10, 0.09%, 0, 0, 1, 1.02, 796, 7342
AFLfast,pdftops,10,673599, 0, 2, 10, 10, 10, 0.09%, 0, 0, 1, 1.04, 802, 7342
AFLfast,pdftops,10,678648, 0, 2, 10, 10, 10, 0.09%, 0, 0, 1, 1.03, 807, 7342
AFLfast,pdftops,10,684378, 0, 2, 10, 10, 10, 0.09%, 0, 0, 1, 1.05, 813, 7342
AFLfast,pdftops,10,689744, 0, 2, 10, 10, 10, 0.09%, 0, 0, 1, 1.06, 819, 7342
AFLfast,pdftops,10,695878, 0, 2, 10, 10, 10, 0.09%, 0, 0, 1, 1.04, 825, 7342
AFLfast,pdftops,10,701590, 0, 2, 10, 10, 10, 0.09%, 0, 0, 1, 1.05, 831, 7342
AFLfast,pdftops,10,707182, 0, 2, 10, 10, 10, 0.09%, 0, 0, 1, 1.07, 837, 7342
AFLfast,pdftops,10,712074, 0, 2, 10, 10, 10, 0.09%, 0, 0, 1, 1.06, 842, 7342
AFLfast,pdftops,10,717068, 0, 2, 10, 10, 10, 0.09%, 0, 0, 1, 1.05, 847, 7342
AFLfast,pdftops,10,722307, 0, 2, 10, 10, 10, 0.09%, 0, 0, 1, 1.03, 852, 7342
AFLfast,pdftops,10,727646, 0, 2, 10, 10, 10, 0.09%, 0, 0, 1, 1.02, 857, 7342
AFLfast,pdftops,10,733414, 0, 2, 10, 10, 10, 0.09%, 0, 0, 1, 1.03, 863, 7342
AFLfast,pdftops,10,738944, 0, 2, 10, 10, 10, 0.09%, 0, 0, 1, 1.04, 869, 7342
AFLfast,pdftops,10,744371, 0, 2, 10, 10, 10, 0.09%, 0, 0, 1, 1.03, 874, 7342
AFLfast,pdftops,10,749794, 0, 2, 10, 10, 10, 0.09%, 0, 0, 1, 1.01, 879, 7342
AFLfast,pdftops,10,755626, 0, 2, 10, 10, 10, 0.09%, 0, 0, 1, 1.02, 885, 7342
AFLfast,pdftops,10,760972, 0, 2, 10, 10, 10, 0.09%, 0, 0, 1, 1.04, 891, 7342
AFLfast,pdftops,10,766616, 0, 2, 10, 10, 10, 0.09%, 0, 0, 1, 1.05, 897, 7342
AFLfast,pdftops,10,772646, 0, 2, 10, 10, 10, 0.09%, 0, 0, 1, 1.05, 903, 7342
AFLfast,pdftops,10,778471, 0, 2, 10, 10, 10, 0.09%, 0, 0, 1, 1.06, 909, 7342
AFLfast,pdftops,10,783994, 0, 2, 10, 10, 10, 0.09%, 0, 0, 1, 1.06, 915, 7342
AFLfast,pdftops,10,789870, 0, 2, 10, 10, 10, 0.09%, 0, 0, 1, 1.06, 921, 7342
AFLfast,pdftops,10,795482, 0, 2, 10, 10, 10, 0.09%, 0, 0, 1, 1.08, 927, 7342
AFLfast,pdftops,10,800864, 0, 2, 10, 10, 10, 0.09%, 0, 0, 1, 1.08, 933, 7342
AFLfast,pdftops,10,806231, 0, 2, 10, 10, 10, 0.09%, 0, 0, 1, 1.10, 939, 7342
AFLfast,pdftops,10,811955, 0, 2, 10, 10, 10, 0.09%, 0, 0, 1, 1.08, 945, 7342
AFLfast,pdftops,10,817794, 0, 2, 10, 10, 10, 0.09%, 0, 0, 1, 1.08, 951, 7342
AFLfast,pdftops,10,823640, 0, 2, 10, 10, 10, 0.09%, 0, 0, 1, 1.07, 957, 7342
AFLfast,pdftops,10,828599, 0, 2, 10, 10, 10, 0.09%, 0, 0, 1, 1.04, 962, 7342
AFLfast,pdftops,10,834507, 0, 2, 10, 10, 10, 0.09%, 0, 0, 1, 1.05, 968, 7342
AFLfast,pdftops,10,840301, 0, 2, 10, 10, 10, 0.09%, 0, 0, 1, 1.05, 974, 7342
AFLfast,pdftops,10,846463, 0, 2, 10, 10, 10, 0.09%, 0, 0, 1, 1.02, 980, 7342
AFLfast,pdftops,10,852155, 0, 2, 10, 10, 10, 0.09%, 0, 0, 1, 1.03, 986, 7342
AFLfast,pdftops,10,858014, 0, 2, 10, 10, 10, 0.09%, 0, 0, 1, 1.04, 992, 7342
AFLfast,pdftops,10,863028, 0, 2, 10, 10, 10, 0.09%, 0, 0, 1, 1.02, 997, 7342
AFLfast,pdftops,10,868727, 0, 2, 10, 10, 10, 0.09%, 0, 0, 1, 0.99, 1002, 7342
AFLfast,pdftops,10,874244, 0, 2, 10, 10, 10, 0.09%, 0, 0, 1, 1.02, 1008, 7342
AFLfast,pdftops,10,880094, 0, 2, 10, 10, 10, 0.09%, 0, 0, 1, 1.03, 1014, 7342
AFLfast,pdftops,10,885607, 0, 2, 10, 10, 10, 0.09%, 0, 0, 1, 1.05, 1020, 7342
AFLfast,pdftops,10,891506, 0, 2, 10, 10, 10, 0.09%, 0, 0, 1, 1.05, 1026, 7342
AFLfast,pdftops,10,897315, 0, 2, 10, 10, 10, 0.09%, 0, 0, 1, 1.04, 1032, 7342
AFLfast,pdftops,10,903111, 0, 2, 10, 10, 10, 0.09%, 0, 0, 1, 1.04, 1038, 7342
AFLfast,pdftops,10,908275, 0, 2, 10, 10, 10, 0.09%, 0, 0, 1, 1.03, 1043, 7342
AFLfast,pdftops,10,913778, 0, 2, 10, 10, 10, 0.09%, 0, 0, 1, 1.06, 1049, 7342
AFLfast,pdftops,10,919478, 0, 2, 10, 10, 10, 0.09%, 0, 0, 1, 1.06, 1055, 7342
AFLfast,pdftops,10,924898, 0, 2, 10, 10, 10, 0.09%, 0, 0, 1, 1.02, 1060, 7342
AFLfast,pdftops,10,930938, 0, 2, 10, 10, 10, 0.09%, 0, 0, 1, 1.02, 1066, 7342
AFLfast,pdftops,10,936423, 0, 2, 10, 10, 10, 0.09%, 0, 0, 1, 1.04, 1072, 7342
AFLfast,pdftops,10,941642, 0, 2, 10, 10, 10, 0.09%, 0, 0, 1, 1.03, 1077, 7342
AFLfast,pdftops,10,946806, 0, 2, 10, 10, 10, 0.09%, 0, 0, 1, 1.01, 1082, 7342
AFLfast,pdftops,10,951967, 0, 2, 10, 10, 10, 0.09%, 0, 0, 1, 1.00, 1087, 7342
AFLfast,pdftops,10,958143, 0, 2, 10, 10, 10, 0.09%, 0, 0, 1, 1.01, 1093, 7342
AFLfast,pdftops,10,963312, 0, 2, 10, 10, 10, 0.09%, 0, 0, 1, 1.01, 1098, 7342
AFLfast,pdftops,10,968902, 0, 2, 10, 10, 10, 0.09%, 0, 0, 1, 1.04, 1104, 7342
AFLfast,pdftops,10,973950, 0, 2, 10, 10, 10, 0.09%, 0, 0, 1, 1.02, 1109, 7342
AFLfast,pdftops,10,979873, 0, 2, 10, 10, 10, 0.09%, 0, 0, 1, 1.03, 1115, 7342
AFLfast,pdftops,10,985934, 0, 2, 10, 10, 10, 0.09%, 0, 0, 1, 1.02, 1121, 7342
AFLfast,pdftops,10,990971, 0, 2, 10, 10, 10, 0.09%, 0, 0, 1, 1.00, 1126, 7342
AFLfast,pdftops,10,997078, 0, 2, 10, 10, 10, 0.09%, 0, 0, 1, 1.01, 1132, 7342
AFLfast,pdftops,10,1003065, 0, 2, 10, 10, 10, 0.09%, 0, 0, 1, 1.02, 1138, 7342
AFLfast,pdftops,10,1007908, 0, 2, 10, 10, 10, 0.09%, 0, 0, 1, 1.01, 1143, 7342
AFLfast,pdftops,10,1012955, 0, 2, 10, 10, 10, 0.09%, 0, 0, 1, 1.01, 1148, 7342
AFLfast,pdftops,10,1018187, 0, 2, 10, 10, 10, 0.09%, 0, 0, 1, 1.00, 1153, 7342
AFLfast,pdftops,10,1023902, 0, 2, 10, 10, 10, 0.09%, 0, 0, 1, 1.02, 1159, 7342
AFLfast,pdftops,10,1029858, 0, 2, 10, 10, 10, 0.09%, 0, 0, 1, 1.02, 1165, 7342
AFLfast,pdftops,10,1035312, 0, 2, 10, 10, 10, 0.09%, 0, 0, 1, 1.04, 1171, 7342
AFLfast,pdftops,10,1040770, 0, 2, 10, 10, 10, 0.09%, 0, 0, 1, 1.01, 1176, 7342
AFLfast,pdftops,10,1046423, 0, 2, 10, 10, 10, 0.09%, 0, 0, 1, 1.03, 1182, 7342
AFLfast,pdftops,10,1051732, 0, 2, 10, 10, 10, 0.09%, 0, 0, 1, 1.06, 1188, 7342
AFLfast,pdftops,10,1057656, 0, 2, 10, 10, 10, 0.09%, 0, 0, 1, 1.06, 1194, 7342
AFLfast,pdftops,10,1062938, 0, 2, 10, 10, 10, 0.09%, 0, 0, 1, 1.04, 1199, 7342
AFLfast,pdftops,10,1068163, 0, 2, 10, 10, 10, 0.09%, 0, 0, 1, 1.01, 1204, 7342
AFLfast,pdftops,10,1073928, 0, 2, 10, 10, 10, 0.09%, 0, 0, 1, 1.03, 1210, 7342
AFLfast,pdftops,10,1078952, 0, 2, 10, 10, 10, 0.09%, 0, 0, 1, 1.03, 1215, 7342
AFLfast,pdftops,10,1084654, 0, 2, 10, 10, 10, 0.09%, 0, 0, 1, 1.04, 1221, 7342
AFLfast,pdftops,10,1089903, 0, 2, 10, 10, 10, 0.09%, 0, 0, 1, 1.03, 1226, 7342
AFLfast,pdftops,10,1095890, 0, 2, 10, 10, 10, 0.09%, 0, 0, 1, 1.02, 1232, 7342
AFLfast,pdftops,10,1101355, 0, 2, 10, 10, 10, 0.09%, 0, 0, 1, 1.04, 1238, 7342
AFLfast,pdftops,10,1106707, 0, 2, 10, 10, 10, 0.09%, 0, 0, 1, 1.01, 1243, 7342
AFLfast,pdftops,10,1112074, 0, 2, 10, 10, 10, 0.09%, 0, 0, 1, 1.06, 1249, 7342
AFLfast,pdftops,10,1118039, 0, 2, 10, 10, 10, 0.09%, 0, 0, 1, 1.05, 1255, 7342
AFLfast,pdftops,10,1123821, 0, 2, 10, 10, 10, 0.09%, 0, 0, 1, 1.06, 1261, 7342
AFLfast,pdftops,10,1128890, 0, 2, 10, 10, 10, 0.09%, 0, 0, 1, 1.04, 1266, 7342
AFLfast,pdftops,10,1134139, 0, 2, 10, 10, 10, 0.09%, 0, 0, 1, 1.01, 1271, 7342
AFLfast,pdftops,10,1139846, 0, 2, 10, 10, 10, 0.09%, 0, 0, 1, 1.00, 1276, 7342
AFLfast,pdftops,10,1144862, 0, 2, 10, 10, 10, 0.09%, 0, 0, 1, 1.00, 1281, 7342
AFLfast,pdftops,10,1150555, 0, 2, 10, 10, 10, 0.09%, 0, 0, 1, 0.94, 1285, 7342
AFLfast,pdftops,10,1155629, 0, 2, 10, 10, 10, 0.09%, 0, 0, 1, 0.90, 1289, 7342
AFLfast,pdftops,10,1161736, 0, 2, 10, 10, 10, 0.09%, 0, 0, 1, 0.85, 1293, 7342
AFLfast,pdftops,10,1167513, 0, 2, 10, 10, 10, 0.09%, 0, 0, 1, 0.82, 1297, 7342
AFLfast,pdftops,10,1172563, 0, 2, 10, 10, 10, 0.09%, 0, 0, 1, 0.87, 1302, 7342
AFLfast,pdftops,10,1178310, 0, 2, 10, 10, 10, 0.09%, 0, 0, 1, 0.93, 1308, 7342
AFLfast,pdftops,10,1183762, 0, 2, 10, 10, 10, 0.09%, 0, 0, 1, 0.99, 1314, 7342
AFLfast,pdftops,10,1189486, 0, 2, 10, 10, 10, 0.09%, 0, 0, 1, 1.01, 1320, 7342
AFLfast,pdftops,10,1194770, 0, 2, 10, 10, 10, 0.09%, 0, 0, 1, 1.05, 1326, 7342
AFLfast,pdftops,10,1200248, 0, 2, 10, 10, 10, 0.09%, 0, 0, 1, 1.01, 1331, 7342
AFLfast,pdftops,10,1206066, 0, 2, 10, 10, 10, 0.09%, 0, 0, 1, 1.04, 1337, 7342
AFLfast,pdftops,10,1211214, 0, 2, 10, 10, 10, 0.09%, 0, 0, 1, 1.02, 1342, 7342
AFLfast,pdftops,10,1216814, 0, 2, 10, 10, 10, 0.09%, 0, 0, 1, 1.00, 1347, 7342
AFLfast,pdftops,10,1222415, 0, 2, 10, 10, 10, 0.09%, 0, 0, 1, 1.03, 1353, 7342
AFLfast,pdftops,10,1228114, 0, 2, 10, 10, 10, 0.09%, 0, 0, 1, 1.04, 1359, 7342
AFLfast,pdftops,10,1233838, 0, 2, 10, 10, 10, 0.09%, 0, 0, 1, 1.05, 1365, 7342
AFLfast,pdftops,10,1238720, 0, 2, 10, 10, 10, 0.09%, 0, 0, 1, 1.04, 1370, 7342
AFLfast,pdftops,10,1244934, 0, 2, 10, 10, 10, 0.09%, 0, 0, 1, 1.03, 1376, 7342
AFLfast,pdftops,10,1251173, 0, 2, 10, 10, 10, 0.09%, 0, 0, 1, 1.02, 1382, 7342
AFLfast,pdftops,10,1256817, 0, 2, 10, 10, 10, 0.09%, 0, 0, 1, 0.99, 1387, 7342
AFLfast,pdftops,10,1262408, 0, 2, 10, 10, 10, 0.09%, 0, 0, 1, 1.01, 1393, 7342
AFLfast,pdftops,10,1267862, 0, 2, 10, 10, 10, 0.09%, 0, 0, 1, 1.01, 1398, 7342
AFLfast,pdftops,10,1273463, 0, 2, 10, 10, 10, 0.09%, 0, 0, 1, 1.02, 1404, 7342
AFLfast,pdftops,10,1279110, 0, 2, 10, 10, 10, 0.09%, 0, 0, 1, 1.04, 1410, 7342
AFLfast,pdftops,10,1284408, 0, 2, 10, 10, 10, 0.09%, 0, 0, 1, 1.06, 1416, 7342
AFLfast,pdftops,10,1290302, 0, 2, 10, 10, 10, 0.09%, 0, 0, 1, 1.06, 1422, 7342
AFLfast,pdftops,10,1295475, 0, 2, 10, 10, 10, 0.09%, 0, 0, 1, 1.08, 1428, 7342
AFLfast,pdftops,10,1300823, 0, 2, 10, 10, 10, 0.09%, 0, 0, 1, 1.10, 1434, 7342
AFLfast,pdftops,10,1306170, 0, 2, 10, 10, 10, 0.09%, 0, 0, 1, 1.11, 1440, 7342
AFLfast,pdftops,10,1311590, 0, 2, 10, 10, 10, 0.09%, 0, 0, 1, 1.12, 1446, 7342
AFLfast,pdftops,10,1316822, 0, 2, 10, 10, 10, 0.09%, 0, 0, 1, 1.13, 1452, 7342
AFLfast,pdftops,10,1322103, 0, 2, 10, 10, 10, 0.09%, 0, 0, 1, 1.13, 1458, 7342
AFLfast,pdftops,10,1327458, 0, 2, 10, 10, 10, 0.09%, 0, 0, 1, 1.13, 1464, 7342
AFLfast,pdftops,10,1332719, 0, 2, 10, 10, 10, 0.09%, 0, 0, 1, 1.13, 1470, 7342
AFLfast,pdftops,10,1337912, 0, 2, 10, 10, 10, 0.09%, 0, 0, 1, 1.15, 1476, 7342
AFLfast,pdftops,10,1343269, 0, 2, 10, 10, 10, 0.09%, 0, 0, 1, 1.14, 1482, 7342
AFLfast,pdftops,10,1378028, 0, 2, 11, 11, 10, 0.09%, 0, 0, 2, 1.18, 1528, 7367
AFLfast,pdftops,10,1419337, 0, 2, 12, 12, 10, 0.09%, 0, 0, 2, 1.17, 1569, 7435
AFLfast,pdftops,10,1447730, 0, 2, 13, 13, 10, 0.09%, 0, 0, 2, 1.45, 1610, 7465
AFLfast,pdftops,10,1476455, 0, 2, 14, 14, 10, 0.09%, 0, 0, 2, 1.45, 1651, 7483
AFLfast,pdftops,10,1505012, 0, 2, 15, 15, 10, 0.09%, 0, 0, 2, 1.45, 1692, 7487
AFLfast,pdftops,10,1533501, 0, 2, 16, 16, 10, 0.09%, 0, 0, 2, 3.87, 1734, 7489
AFLfast,pdftops,10,1561542, 0, 2, 17, 17, 10, 0.09%, 0, 0, 2, 3.72, 1775, 7489
AFLfast,pdftops,10,1591552, 0, 2, 18, 18, 10, 0.09%, 0, 0, 2, 3.34, 1818, 7493
AFLfast,pdftops,10,1620129, 0, 2, 19, 19, 10, 0.09%, 0, 0, 2, 3.84, 1860, 7495
AFLfast,pdftops,10,1648137, 0, 2, 20, 20, 10, 0.09%, 0, 0, 2, 3.69, 1901, 7495
AFLfast,pdftops,10,1677181, 0, 2, 21, 21, 10, 0.09%, 0, 0, 2, 3.49, 1943, 7495
AFLfast,pdftops,10,1705583, 0, 2, 22, 22, 10, 0.09%, 0, 0, 2, 1.44, 1984, 7495
AFLfast,pdftops,10,1734050, 0, 2, 23, 23, 10, 0.09%, 0, 0, 2, 1.44, 2025, 7495
AFLfast,pdftops,10,1762760, 0, 2, 24, 24, 10, 0.09%, 0, 0, 2, 1.44, 2066, 7496
AFLfast,pdftops,10,1791215, 0, 2, 25, 25, 10, 0.09%, 0, 0, 2, 4.19, 2108, 7503
AFLfast,pdftops,10,1831260, 0, 2, 26, 26, 10, 0.09%, 0, 0, 2, 3.88, 2150, 7535
AFLfast,pdftops,10,1859454, 0, 2, 27, 27, 10, 0.09%, 0, 0, 2, 1.47, 2191, 7536
AFLfast,pdftops,10,1887285, 0, 2, 28, 28, 10, 0.09%, 0, 0, 2, 1.47, 2232, 7536
AFLfast,pdftops,10,1925713, 0, 2, 29, 29, 10, 0.09%, 0, 0, 2, 1.44, 2273, 7555
AFLfast,pdftops,10,1964598, 0, 2, 30, 30, 10, 0.09%, 0, 0, 2, 1.06, 2314, 7563
AFLfast,pdftops,10,1993338, 0, 2, 31, 31, 10, 0.09%, 0, 0, 2, 1.08, 2355, 7563
AFLfast,pdftops,10,2028355, 0, 2, 32, 32, 10, 0.09%, 0, 0, 2, 1.17, 2396, 7601
AFLfast,pdftops,10,2058524, 0, 2, 33, 33, 10, 0.09%, 0, 0, 2, 1.34, 2439, 7601
AFLfast,pdftops,10,2097158, 0, 2, 34, 34, 10, 0.09%, 0, 0, 2, 3.96, 2481, 7619
AFLfast,pdftops,10,2127679, 0, 2, 35, 35, 10, 0.09%, 1, 0, 2, 3.56, 2525, 7620
AFLfast,pdftops,10,2156066, 0, 2, 36, 36, 10, 0.09%, 1, 0, 2, 1.46, 2566, 7622
AFLfast,pdftops,10,2184133, 0, 2, 37, 37, 10, 0.09%, 1, 0, 2, 1.46, 2607, 7622
AFLfast,pdftops,10,2221896, 0, 2, 38, 38, 10, 0.09%, 1, 0, 2, 1.43, 2648, 7656
AFLfast,pdftops,10,2259948, 0, 2, 39, 39, 10, 0.09%, 1, 0, 2, 1.08, 2689, 7661
AFLfast,pdftops,10,2288957, 0, 2, 40, 40, 10, 0.09%, 1, 0, 2, 1.30, 2731, 7665
AFLfast,pdftops,10,2331964, 0, 2, 41, 41, 10, 0.09%, 1, 0, 2, 2.55, 2774, 7672
AFLfast,pdftops,10,2367425, 0, 2, 42, 42, 10, 0.09%, 1, 0, 2, 2.43, 2817, 7676
AFLfast,pdftops,10,2398185, 0, 2, 43, 43, 10, 0.09%, 1, 0, 2, 1.34, 2858, 7678
AFLfast,pdftops,10,2426189, 0, 2, 44, 44, 10, 0.09%, 1, 0, 2, 1.35, 2899, 7685
AFLfast,pdftops,10,2455591, 0, 2, 45, 45, 10, 0.09%, 1, 0, 2, 1.51, 2942, 7685
AFLfast,pdftops,10,2485154, 0, 2, 46, 46, 10, 0.09%, 1, 0, 2, 1.65, 2984, 7687
AFLfast,pdftops,10,2515511, 0, 2, 47, 47, 10, 0.09%, 1, 0, 2, 1.37, 3025, 7687
AFLfast,pdftops,10,2557058, 0, 2, 48, 48, 10, 0.09%, 1, 0, 2, 0.99, 3066, 7702
AFLfast,pdftops,10,2598475, 0, 2, 49, 49, 10, 0.09%, 1, 0, 2, 1.23, 3110, 7747
AFLfast,pdftops,10,2639014, 0, 2, 50, 50, 10, 0.09%, 1, 0, 2, 1.01, 3151, 7752
AFLfast,pdftops,10,2672124, 0, 2, 51, 51, 10, 0.09%, 1, 0, 2, 1.15, 3193, 7752
AFLfast,pdftops,10,2704249, 0, 2, 52, 52, 10, 0.09%, 1, 0, 2, 1.29, 3234, 7776
AFLfast,pdftops,10,2747925, 0, 2, 53, 53, 10, 0.09%, 1, 0, 2, 1.26, 3275, 7778
AFLfast,pdftops,10,2779822, 0, 2, 54, 54, 10, 0.09%, 1, 0, 2, 2.12, 3317, 7780
AFLfast,pdftops,10,2821602, 0, 2, 55, 55, 10, 0.09%, 1, 0, 2, 2.05, 3358, 7780
AFLfast,pdftops,10,2865650, 0, 2, 56, 56, 10, 0.09%, 1, 0, 2, 1.33, 3400, 7794
AFLfast,pdftops,10,2899265, 0, 2, 57, 57, 10, 0.09%, 1, 0, 2, 1.32, 3441, 7802
AFLfast,pdftops,10,2931459, 0, 2, 58, 58, 10, 0.09%, 1, 0, 2, 1.27, 3482, 7802
AFLfast,pdftops,10,2976287, 0, 2, 59, 59, 10, 0.09%, 1, 0, 2, 1.25, 3523, 7811
AFLfast,pdftops,10,3009959, 0, 2, 60, 60, 10, 0.09%, 1, 0, 2, 3.87, 3566, 7811
AFLfast,pdftops,10,3053252, 0, 2, 61, 61, 10, 0.09%, 1, 0, 2, 3.52, 3609, 7811
AFLfast,pdftops,10,3084312, 0, 2, 62, 62, 10, 0.09%, 1, 0, 2, 1.33, 3650, 7811
AFLfast,pdftops,10,3116240, 0, 2, 63, 63, 10, 0.09%, 1, 0, 2, 1.42, 3692, 7811
AFLfast,pdftops,10,3162957, 0, 2, 64, 64, 10, 0.09%, 1, 0, 2, 3.38, 3736, 7811
AFLfast,pdftops,10,3206755, 0, 2, 65, 65, 10, 0.09%, 1, 0, 2, 1.16, 3778, 7814
AFLfast,pdftops,10,3260161, 0, 2, 66, 66, 10, 0.09%, 1, 0, 2, 1.70, 3820, 7815
AFLfast,pdftops,10,3310424, 0, 2, 67, 67, 10, 0.09%, 1, 0, 2, 1.65, 3863, 7820
AFLfast,pdftops,10,3351554, 0, 2, 68, 68, 10, 0.09%, 1, 0, 2, 1.00, 3904, 7827
AFLfast,pdftops,10,3393055, 0, 2, 69, 69, 10, 0.09%, 1, 0, 2, 1.00, 3945, 7828
AFLfast,pdftops,10,3433685, 0, 2, 70, 70, 10, 0.09%, 1, 0, 2, 1.84, 3987, 7828
AFLfast,pdftops,10,3487511, 0, 2, 71, 71, 10, 0.09%, 1, 0, 2, 0.77, 4028, 7856
AFLfast,pdftops,10,3537674, 0, 2, 72, 72, 10, 0.09%, 1, 0, 2, 0.83, 4069, 7859
AFLfast,pdftops,10,3596722, 0, 2, 73, 73, 10, 0.09%, 1, 0, 2, 0.70, 4110, 7859
AFLfast,pdftops,10,3633621, 0, 2, 74, 74, 10, 0.09%, 1, 0, 2, 1.11, 4151, 7859
AFLfast,pdftops,10,3685752, 0, 2, 75, 75, 10, 0.09%, 1, 0, 2, 1.09, 4192, 7859
AFLfast,pdftops,10,3727635, 0, 2, 76, 76, 10, 0.09%, 1, 0, 2, 0.98, 4233, 7888
AFLfast,pdftops,10,3773718, 0, 2, 77, 77, 10, 0.09%, 1, 0, 2, 0.98, 4274, 7893
AFLfast,pdftops,10,3813308, 0, 2, 78, 78, 10, 0.09%, 1, 0, 2, 1.04, 4315, 7893
AFLfast,pdftops,10,3851533, 0, 2, 79, 79, 10, 0.09%, 1, 0, 2, 1.04, 4356, 7893
AFLfast,pdftops,10,3890618, 0, 2, 80, 80, 10, 0.09%, 1, 0, 2, 2.73, 4398, 7895
AFLfast,pdftops,10,3932869, 0, 2, 81, 81, 10, 0.09%, 1, 0, 2, 2.44, 4443, 7895
AFLfast,pdftops,10,3982574, 0, 2, 82, 82, 10, 0.09%, 1, 0, 2, 0.83, 4484, 7896
AFLfast,pdftops,10,4022710, 0, 2, 83, 83, 10, 0.09%, 1, 0, 2, 0.93, 4526, 7896
AFLfast,pdftops,10,4062573, 0, 2, 84, 84, 10, 0.09%, 1, 0, 2, 2.60, 4569, 7899
AFLfast,pdftops,10,4102959, 0, 2, 85, 85, 10, 0.09%, 1, 0, 2, 2.51, 4611, 7903
AFLfast,pdftops,10,4147715, 0, 2, 86, 86, 10, 0.09%, 1, 0, 2, 0.92, 4652, 7903
AFLfast,pdftops,10,4191143, 0, 2, 87, 87, 10, 0.09%, 1, 0, 2, 1.65, 4695, 7903
AFLfast,pdftops,10,4245905, 0, 2, 88, 88, 10, 0.09%, 1, 0, 2, 0.75, 4736, 7906
AFLfast,pdftops,10,4299885, 0, 2, 89, 89, 10, 0.09%, 1, 0, 2, 0.75, 4777, 7912
AFLfast,pdftops,10,4342936, 0, 2, 90, 90, 10, 0.09%, 1, 0, 2, 1.27, 4820, 7912
AFLfast,pdftops,10,4395800, 0, 2, 91, 91, 10, 0.09%, 1, 0, 2, 1.32, 4862, 7917
AFLfast,pdftops,10,4445630, 0, 2, 92, 92, 10, 0.09%, 1, 0, 2, 0.83, 4903, 7929
AFLfast,pdftops,10,4486794, 0, 2, 93, 93, 10, 0.09%, 1, 0, 2, 0.93, 4946, 7930
AFLfast,pdftops,10,4537989, 0, 2, 94, 94, 10, 0.09%, 1, 0, 2, 0.81, 4987, 7931
AFLfast,pdftops,10,4578092, 0, 2, 95, 95, 10, 0.09%, 1, 0, 2, 0.82, 5028, 7943
AFLfast,pdftops,10,4617389, 0, 2, 96, 96, 10, 0.09%, 1, 0, 2, 1.82, 5073, 7951
AFLfast,pdftops,10,4656704, 0, 2, 97, 97, 10, 0.09%, 1, 0, 2, 1.77, 5114, 7951
AFLfast,pdftops,10,4707582, 0, 2, 98, 98, 10, 0.09%, 1, 0, 2, 0.81, 5155, 7961
AFLfast,pdftops,10,4752335, 0, 2, 99, 99, 10, 0.09%, 1, 0, 2, 0.81, 5196, 7965
AFLfast,pdftops,10,4815693, 0, 2, 100, 100, 10, 0.09%, 1, 0, 2, 0.68, 5242, 7968
AFLfast,pdftops,10,4859726, 0, 2, 101, 101, 10, 0.09%, 1, 0, 2, 0.94, 5283, 7968
AFLfast,pdftops,10,4911362, 0, 2, 102, 102, 10, 0.09%, 1, 0, 2, 1.27, 5329, 7969
AFLfast,pdftops,10,4963162, 0, 2, 103, 103, 10, 0.09%, 1, 0, 2, 2.14, 5372, 7969
AFLfast,pdftops,10,5010287, 0, 2, 104, 104, 10, 0.10%, 1, 0, 2, 2.04, 5414, 7970
AFLfast,pdftops,10,5079800, 0, 2, 105, 105, 10, 0.10%, 1, 0, 2, 0.61, 5459, 7970
AFLfast,pdftops,10,5119605, 0, 2, 106, 106, 10, 0.10%, 1, 0, 2, 2.20, 5502, 7970
AFLfast,pdftops,10,5161038, 0, 2, 107, 107, 10, 0.10%, 1, 0, 2, 2.13, 5544, 7973
AFLfast,pdftops,10,5212343, 0, 2, 108, 108, 10, 0.10%, 1, 0, 2, 0.80, 5585, 7978
AFLfast,pdftops,10,5279490, 0, 2, 109, 109, 10, 0.10%, 1, 0, 2, 0.62, 5626, 7984
AFLfast,pdftops,10,5331476, 0, 2, 110, 110, 10, 0.10%, 1, 0, 2, 1.93, 5670, 7984
AFLfast,pdftops,10,5380647, 0, 2, 111, 111, 10, 0.10%, 1, 0, 2, 1.83, 5712, 7998
AFLfast,pdftops,10,5418248, 0, 2, 112, 112, 10, 0.10%, 1, 0, 2, 2.55, 5755, 8001
AFLfast,pdftops,10,5465713, 0, 2, 113, 113, 10, 0.10%, 1, 0, 2, 2.47, 5798, 8002
AFLfast,pdftops,10,5501619, 0, 2, 114, 114, 10, 0.10%, 1, 0, 2, 2.57, 5840, 8002
AFLfast,pdftops,10,5537637, 0, 2, 115, 115, 10, 0.10%, 1, 0, 2, 2.48, 5881, 8002
AFLfast,pdftops,10,5574716, 0, 2, 116, 116, 10, 0.10%, 1, 0, 2, 1.11, 5922, 8002
AFLfast,pdftops,10,5611307, 0, 2, 117, 117, 10, 0.10%, 1, 0, 2, 1.27, 5965, 8003
AFLfast,pdftops,10,5660323, 0, 2, 118, 118, 10, 0.10%, 1, 0, 2, 2.28, 6011, 8003
AFLfast,pdftops,10,5695501, 0, 2, 119, 119, 10, 0.10%, 1, 0, 2, 2.21, 6052, 8007
AFLfast,pdftops,10,5731564, 0, 2, 120, 120, 10, 0.10%, 1, 0, 2, 1.14, 6093, 8008
AFLfast,pdftops,10,5780975, 0, 2, 121, 121, 10, 0.10%, 1, 0, 2, 1.14, 6136, 8016
AFLfast,pdftops,10,5828822, 0, 2, 122, 122, 10, 0.10%, 1, 0, 2, 1.62, 6178, 8018
AFLfast,pdftops,10,5867835, 0, 2, 123, 123, 10, 0.10%, 1, 0, 2, 1.69, 6222, 8018
AFLfast,pdftops,10,5915538, 0, 2, 124, 124, 10, 0.10%, 1, 0, 2, 0.86, 6263, 8018
AFLfast,pdftops,10,5953823, 0, 2, 125, 125, 10, 0.10%, 1, 0, 2, 3.43, 6310, 8018
AFLfast,pdftops,10,6000608, 0, 2, 126, 126, 10, 0.10%, 1, 0, 2, 0.88, 6351, 8018
AFLfast,pdftops,10,6048517, 0, 2, 127, 127, 10, 0.10%, 1, 0, 2, 1.08, 6394, 8019
AFLfast,pdftops,10,6094623, 0, 2, 128, 128, 10, 0.10%, 1, 0, 2, 2.74, 6436, 8019
AFLfast,pdftops,10,6146474, 0, 2, 129, 129, 10, 0.10%, 1, 0, 2, 2.43, 6484, 8023
AFLfast,pdftops,10,6197079, 0, 2, 130, 130, 10, 0.10%, 1, 0, 2, 2.52, 6530, 8027
AFLfast,pdftops,10,6234990, 0, 2, 131, 131, 10, 0.10%, 1, 0, 2, 2.42, 6575, 8027
AFLfast,pdftops,10,6268890, 0, 2, 132, 132, 10, 0.10%, 1, 0, 2, 1.22, 6616, 8027
AFLfast,pdftops,10,6315738, 0, 2, 133, 133, 10, 0.10%, 1, 0, 2, 1.26, 6658, 8027
AFLfast,pdftops,10,6353921, 0, 2, 134, 134, 10, 0.10%, 1, 0, 2, 1.08, 6699, 8030
AFLfast,pdftops,10,6392294, 0, 2, 135, 135, 10, 0.10%, 1, 0, 2, 1.37, 6744, 8031
AFLfast,pdftops,10,6444739, 0, 2, 136, 136, 10, 0.10%, 1, 0, 2, 0.78, 6785, 8033
AFLfast,pdftops,10,6498372, 0, 2, 137, 137, 10, 0.10%, 1, 0, 2, 3.67, 6828, 8040
AFLfast,pdftops,10,6533898, 0, 2, 138, 138, 10, 0.10%, 1, 0, 2, 1.16, 6869, 8040
AFLfast,pdftops,10,6579270, 0, 2, 139, 139, 10, 0.10%, 1, 0, 2, 1.15, 6910, 8040
AFLfast,pdftops,10,6628720, 0, 2, 140, 140, 10, 0.10%, 1, 0, 2, 2.66, 6952, 8040
AFLfast,pdftops,10,6674878, 0, 2, 141, 141, 10, 0.10%, 1, 0, 2, 2.10, 6998, 8048
AFLfast,pdftops,10,6724491, 0, 2, 142, 142, 10, 0.10%, 1, 0, 2, 0.83, 7039, 8049
AFLfast,pdftops,10,6760670, 0, 2, 143, 143, 10, 0.10%, 1, 0, 2, 1.15, 7080, 8049
AFLfast,pdftops,10,6806151, 0, 2, 144, 144, 10, 0.10%, 1, 0, 2, 3.75, 7122, 8051
AFLfast,pdftops,10,6855398, 0, 2, 145, 145, 10, 0.10%, 1, 0, 2, 2.09, 7166, 8055
AFLfast,pdftops,10,6898713, 0, 2, 146, 146, 10, 0.10%, 1, 0, 2, 0.95, 7207, 8055
AFLfast,pdftops,10,6946395, 0, 2, 147, 147, 10, 0.10%, 1, 0, 2, 1.06, 7249, 8060
AFLfast,pdftops,10,7002187, 0, 2, 148, 148, 10, 0.10%, 1, 0, 2, 1.89, 7294, 8062
AFLfast,pdftops,10,7048700, 0, 2, 149, 149, 10, 0.10%, 1, 0, 2, 1.93, 7342, 8062
AFLfast,pdftops,10,7090728, 0, 2, 150, 150, 10, 0.10%, 1, 0, 2, 1.55, 7385, 8062
AFLfast,pdftops,10,7152601, 0, 2, 151, 151, 10, 0.10%, 1, 0, 2, 0.67, 7426, 8065
AFLfast,pdftops,10,7198089, 0, 2, 152, 152, 10, 0.10%, 1, 0, 2, 0.90, 7467, 8065
AFLfast,pdftops,10,7216651, 0, 2, 153, 153, 10, 0.10%, 1, 0, 2, 0.90, 7478, 8065
AFLfast,pdftops,10,7281614, 0, 2, 154, 154, 10, 0.10%, 1, 0, 2, 1.35, 7522, 8075
AFLfast,pdftops,10,7347688, 0, 2, 155, 155, 10, 0.10%, 1, 0, 2, 1.81, 7565, 8075
AFLfast,pdftops,10,7352729, 0, 2, 155, 155, 10, 0.10%, 1, 0, 2, 1.72, 7572, 8075
AFLfast,pdftops,10,7432380, 0, 2, 156, 156, 10, 0.10%, 1, 0, 2, 1.65, 7613, 8081
AFLfast,pdftops,10,7482367, 0, 2, 157, 157, 10, 0.10%, 1, 0, 2, 0.82, 7654, 8081
AFLfast,pdftops,10,7539890, 0, 2, 158, 158, 10, 0.10%, 1, 0, 2, 2.01, 7696, 8083
AFLfast,pdftops,10,7589478, 0, 2, 159, 159, 10, 0.10%, 1, 0, 2, 1.56, 7738, 8094
AFLfast,pdftops,10,7629679, 0, 2, 160, 160, 10, 0.10%, 1, 0, 2, 1.54, 7780, 8094
AFLfast,pdftops,10,7685969, 0, 2, 161, 161, 10, 0.10%, 1, 0, 2, 2.74, 7823, 8100
AFLfast,pdftops,10,7742985, 0, 2, 162, 162, 10, 0.10%, 1, 0, 2, 2.42, 7867, 8104
AFLfast,pdftops,10,7803971, 0, 2, 163, 163, 10, 0.10%, 1, 0, 2, 0.68, 7908, 8104
AFLfast,pdftops,10,7858596, 0, 2, 164, 164, 10, 0.10%, 1, 0, 2, 0.75, 7949, 8104
AFLfast,pdftops,10,7898340, 0, 2, 165, 165, 10, 0.10%, 1, 0, 2, 0.77, 7990, 8117
AFLfast,pdftops,10,7951620, 0, 2, 166, 166, 10, 0.10%, 1, 0, 2, 2.12, 8034, 8118
AFLfast,pdftops,10,7991755, 0, 2, 167, 167, 10, 0.10%, 1, 0, 2, 2.05, 8076, 8118
AFLfast,pdftops,10,7996322, 0, 2, 167, 167, 10, 0.10%, 1, 0, 2, 2.42, 8085, 8118
AFLfast,pdftops,10,8001454, 0, 2, 167, 167, 10, 0.10%, 1, 0, 2, 2.21, 8094, 8118
AFLfast,pdftops,10,8042161, 0, 2, 168, 168, 10, 0.10%, 1, 0, 2, 2.14, 8135, 8118
AFLfast,pdftops,10,8089686, 0, 2, 168, 168, 10, 0.10%, 1, 1, 2, 0.02, 8136, 8118
AFLfast,pdftops,10,8149892, 0, 2, 169, 169, 10, 0.10%, 1, 1, 2, 0.82, 8180, 8118
AFLfast,pdftops,10,8202702, 0, 2, 170, 170, 10, 0.10%, 1, 1, 2, 2.78, 8223, 8118
AFLfast,pdftops,10,8239622, 0, 2, 171, 171, 10, 0.10%, 1, 1, 2, 2.69, 8266, 8118
AFLfast,pdftops,10,8285830, 0, 2, 172, 172, 10, 0.10%, 1, 1, 2, 2.32, 8313, 8120
AFLfast,pdftops,10,8325702, 0, 2, 173, 173, 10, 0.10%, 1, 1, 2, 2.24, 8354, 8120
AFLfast,pdftops,10,8364281, 0, 2, 174, 174, 10, 0.10%, 1, 1, 2, 1.07, 8395, 8120
AFLfast,pdftops,10,8369537, 0, 2, 174, 174, 10, 0.10%, 1, 1, 2, 2.33, 8404, 8120
AFLfast,pdftops,10,8420616, 0, 2, 175, 175, 10, 0.10%, 1, 1, 2, 2.23, 8445, 8121
AFLfast,pdftops,10,8425284, 0, 2, 175, 175, 10, 0.10%, 1, 1, 2, 2.55, 8454, 8121
AFLfast,pdftops,10,8464411, 0, 2, 176, 176, 10, 0.10%, 1, 1, 2, 2.37, 8497, 8123
AFLfast,pdftops,10,8515116, 0, 2, 177, 177, 10, 0.10%, 1, 1, 2, 2.15, 8544, 8131
AFLfast,pdftops,10,8550946, 0, 2, 178, 178, 10, 0.10%, 1, 1, 2, 2.04, 8586, 8131
AFLfast,pdftops,10,8603227, 0, 2, 179, 179, 10, 0.10%, 1, 1, 2, 1.96, 8627, 8131
AFLfast,pdftops,10,8643712, 0, 2, 180, 180, 10, 0.10%, 1, 1, 2, 2.37, 8675, 8131
AFLfast,pdftops,10,8684616, 0, 2, 181, 181, 10, 0.10%, 1, 1, 2, 2.21, 8719, 8131
AFLfast,pdftops,10,8726690, 0, 2, 182, 182, 10, 0.10%, 1, 1, 2, 1.68, 8765, 8131
AFLfast,pdftops,10,8774014, 0, 2, 183, 183, 10, 0.10%, 1, 1, 2, 1.65, 8807, 8134
AFLfast,pdftops,10,8823951, 0, 2, 184, 184, 10, 0.10%, 1, 1, 2, 0.82, 8848, 8134
AFLfast,pdftops,10,8881237, 0, 2, 185, 185, 10, 0.10%, 1, 1, 2, 1.07, 8892, 8145
AFLfast,pdftops,10,8920909, 0, 2, 186, 186, 10, 0.10%, 1, 1, 2, 2.56, 8938, 8145
AFLfast,pdftops,10,8972632, 0, 2, 187, 187, 10, 0.10%, 1, 1, 2, 2.35, 8983, 8152
AFLfast,pdftops,10,9009245, 0, 2, 188, 188, 10, 0.10%, 1, 1, 2, 3.50, 9030, 8152
AFLfast,pdftops,10,9044987, 0, 2, 189, 189, 10, 0.10%, 1, 1, 2, 3.17, 9073, 8152
AFLfast,pdftops,10,9080791, 0, 2, 190, 190, 10, 0.10%, 1, 1, 2, 2.55, 9121, 8152
AFLfast,pdftops,10,9115610, 0, 2, 191, 191, 10, 0.10%, 1, 1, 2, 2.44, 9165, 8152
AFLfast,pdftops,10,9156764, 0, 2, 192, 192, 10, 0.10%, 1, 1, 2, 1.00, 9206, 8152
AFLfast,pdftops,10,9202190, 0, 2, 193, 193, 10, 0.10%, 1, 1, 2, 1.21, 9250, 8159
AFLfast,pdftops,10,9252395, 0, 2, 194, 194, 10, 0.10%, 1, 1, 2, 1.86, 9296, 8160
AFLfast,pdftops,10,9297824, 0, 2, 195, 195, 10, 0.10%, 1, 1, 2, 1.80, 9337, 8162
AFLfast,pdftops,10,9347449, 0, 2, 196, 196, 10, 0.10%, 1, 1, 2, 2.11, 9379, 8162
AFLfast,pdftops,10,9405295, 0, 2, 197, 197, 10, 0.10%, 1, 1, 2, 2.03, 9423, 8162
AFLfast,pdftops,10,9454127, 0, 2, 198, 198, 10, 0.10%, 1, 1, 2, 1.45, 9465, 8189
AFLfast,pdftops,10,9494860, 0, 2, 199, 199, 10, 0.10%, 1, 1, 2, 1.59, 9508, 8191
AFLfast,pdftops,10,9535028, 0, 2, 200, 200, 10, 0.10%, 1, 1, 2, 3.40, 9556, 8191
AFLfast,pdftops,10,9577803, 0, 2, 201, 201, 10, 0.10%, 1, 1, 2, 3.14, 9603, 8193
AFLfast,pdftops,10,9609278, 0, 2, 202, 202, 10, 0.10%, 1, 1, 2, 3.61, 9652, 8193
AFLfast,pdftops,10,9641077, 0, 2, 203, 203, 10, 0.10%, 1, 1, 2, 3.12, 9699, 8193
AFLfast,pdftops,10,9670685, 0, 2, 204, 204, 10, 0.10%, 1, 1, 2, 1.39, 9740, 8194
AFLfast,pdftops,10,9707378, 0, 2, 205, 205, 10, 0.10%, 1, 1, 2, 1.46, 9782, 8196
AFLfast,pdftops,10,9753028, 0, 2, 206, 206, 10, 0.10%, 1, 1, 2, 2.45, 9821, 8197
AFLfast,pdftops,10,9758939, 0, 2, 206, 206, 10, 0.10%, 1, 1, 2, 0.52, 9824, 8197
AFLfast,pdftops,10,9764267, 0, 2, 206, 206, 10, 0.10%, 1, 2, 2, 0.63, 9828, 8197
AFLfast,pdftops,10,9814684, 0, 2, 207, 207, 10, 0.10%, 1, 2, 2, 0.65, 9869, 8197
AFLfast,pdftops,10,9855378, 0, 2, 208, 208, 10, 0.10%, 1, 2, 2, 2.81, 9913, 8197
AFLfast,pdftops,10,9898525, 0, 2, 209, 209, 10, 0.10%, 1, 2, 2, 2.62, 9942, 8197
AFLfast,pdftops,10,9956994, 0, 2, 210, 210, 10, 0.10%, 1, 2, 2, 0.70, 9983, 8197
AFLfast,pdftops,10,10006670, 0, 2, 211, 211, 10, 0.10%, 1, 2, 2, 0.76, 10027, 8197
AFLfast,pdftops,10,10045045, 0, 2, 212, 212, 10, 0.10%, 1, 2, 2, 1.11, 10071, 8198
AFLfast,pdftops,10,10097809, 0, 2, 213, 213, 10, 0.10%, 1, 2, 2, 1.59, 10113, 8202
AFLfast,pdftops,10,10159942, 0, 2, 214, 214, 10, 0.10%, 1, 2, 2, 1.57, 10157, 8202
AFLfast,pdftops,10,10218813, 0, 2, 215, 215, 10, 0.10%, 1, 2, 2, 0.70, 10198, 8202
AFLfast,pdftops,10,10285257, 0, 2, 216, 216, 10, 0.10%, 1, 2, 2, 0.68, 10240, 8208
AFLfast,pdftops,10,10330329, 0, 2, 217, 217, 10, 0.10%, 1, 2, 2, 0.91, 10281, 8208
AFLfast,pdftops,10,10353625, 0, 2, 218, 218, 10, 0.10%, 1, 2, 2, 1.02, 10299, 8208
AFLfast,pdftops,10,10405042, 0, 2, 219, 219, 10, 0.10%, 1, 3, 2, 0.55, 10341, 8211
AFLfast,pdftops,10,10458847, 0, 2, 220, 220, 10, 0.10%, 1, 3, 2, 0.68, 10383, 8214
AFLfast,pdftops,10,10497754, 0, 2, 221, 221, 10, 0.10%, 1, 3, 2, 1.33, 10410, 8214
AFLfast,pdftops,10,10503458, 0, 2, 221, 221, 10, 0.10%, 1, 5, 2, 0.49, 10413, 8214
AFLfast,pdftops,10,10509082, 0, 2, 221, 221, 10, 0.10%, 1, 5, 2, 0.72, 10419, 8214
AFLfast,pdftops,10,10557116, 0, 2, 222, 222, 10, 0.10%, 1, 5, 2, 0.75, 10446, 8214
AFLfast,pdftops,10,10609587, 0, 2, 223, 223, 10, 0.10%, 1, 5, 2, 0.79, 10487, 8214
AFLfast,pdftops,10,10614686, 0, 2, 223, 223, 10, 0.10%, 1, 5, 2, 1.15, 10495, 8214
AFLfast,pdftops,10,10633482, 0, 2, 224, 224, 10, 0.10%, 1, 5, 2, 1.13, 10508, 8214
AFLfast,pdftops,10,10685889, 0, 2, 225, 225, 10, 0.10%, 1, 5, 2, 1.02, 10550, 8216
AFLfast,pdftops,10,10733730, 0, 2, 226, 226, 10, 0.10%, 1, 5, 2, 3.43, 10593, 8218
AFLfast,pdftops,10,10778860, 0, 2, 227, 227, 10, 0.10%, 1, 5, 2, 3.23, 10635, 8218
AFLfast,pdftops,10,10817362, 0, 2, 228, 228, 10, 0.10%, 1, 5, 2, 1.07, 10676, 8218
AFLfast,pdftops,10,10845725, 0, 2, 229, 229, 10, 0.10%, 1, 5, 2, 1.20, 10718, 8220
AFLfast,pdftops,10,10884519, 0, 2, 230, 230, 10, 0.10%, 1, 5, 2, 2.90, 10761, 8220
AFLfast,pdftops,10,10921111, 0, 2, 231, 231, 10, 0.10%, 1, 5, 2, 2.80, 10804, 8222
AFLfast,pdftops,10,10948858, 0, 2, 232, 232, 10, 0.10%, 1, 5, 2, 1.48, 10845, 8222
AFLfast,pdftops,10,10987216, 0, 2, 233, 233, 10, 0.10%, 1, 5, 2, 1.62, 10887, 8223
AFLfast,pdftops,10,11035960, 0, 2, 234, 234, 10, 0.10%, 1, 5, 2, 2.09, 10929, 8228
AFLfast,pdftops,10,11073575, 0, 2, 235, 235, 10, 0.10%, 1, 5, 2, 2.03, 10970, 8228
AFLfast,pdftops,10,11078805, 0, 2, 235, 235, 10, 0.10%, 1, 5, 2, 2.53, 10981, 8228
AFLfast,pdftops,10,11119972, 0, 2, 236, 236, 10, 0.10%, 1, 5, 2, 2.44, 11023, 8228
AFLfast,pdftops,10,11156374, 0, 2, 237, 237, 10, 0.10%, 1, 5, 2, 2.44, 11066, 8228
AFLfast,pdftops,10,11206080, 0, 2, 238, 238, 10, 0.10%, 1, 5, 2, 2.74, 11109, 8231
AFLfast,pdftops,10,11212737, 0, 2, 238, 238, 10, 0.10%, 1, 6, 2, 0.40, 11112, 8231
AFLfast,pdftops,10,11220499, 0, 2, 238, 238, 10, 0.10%, 1, 7, 2, 0.40, 11115, 8231
AFLfast,pdftops,10,11226063, 0, 2, 238, 238, 10, 0.10%, 1, 8, 2, 0.43, 11118, 8231
AFLfast,pdftops,10,11231167, 0, 2, 238, 238, 10, 0.10%, 1, 9, 2, 0.75, 11124, 8231
AFLfast,pdftops,10,11286765, 0, 2, 239, 239, 10, 0.10%, 1, 9, 2, 0.80, 11166, 8232
AFLfast,pdftops,10,11321141, 0, 2, 240, 240, 10, 0.10%, 1, 9, 2, 2.24, 11208, 8232
AFLfast,pdftops,10,11326520, 0, 2, 240, 240, 10, 0.10%, 1, 9, 2, 2.05, 11217, 8232
AFLfast,pdftops,10,11333416, 0, 2, 240, 240, 10, 0.10%, 1, 10, 2, 1.73, 11223, 8232
AFLfast,pdftops,10,11410485, 0, 2, 241, 241, 10, 0.10%, 1, 10, 2, 1.81, 11265, 8232
AFLfast,pdftops,10,11464707, 0, 2, 242, 242, 10, 0.10%, 1, 10, 2, 0.76, 11306, 8232
AFLfast,pdftops,10,11469996, 0, 2, 242, 242, 10, 0.10%, 1, 10, 2, 1.80, 11319, 8232
AFLfast,pdftops,10,11501737, 0, 2, 243, 243, 10, 0.10%, 1, 10, 2, 1.76, 11360, 8232
AFLfast,pdftops,10,11547264, 0, 2, 244, 244, 10, 0.10%, 1, 10, 2, 2.06, 11410, 8232
AFLfast,pdftops,10,11603503, 0, 2, 245, 245, 10, 0.10%, 1, 10, 2, 0.73, 11451, 8232
AFLfast,pdftops,10,11643557, 0, 2, 246, 246, 10, 0.10%, 1, 10, 2, 1.76, 11494, 8236
AFLfast,pdftops,10,11680302, 0, 2, 247, 247, 10, 0.10%, 1, 10, 2, 1.12, 11535, 8236
AFLfast,pdftops,10,11718955, 0, 2, 248, 248, 10, 0.10%, 1, 10, 2, 1.38, 11582, 8239
AFLfast,pdftops,10,11756970, 0, 2, 249, 249, 10, 0.10%, 1, 10, 2, 2.37, 11627, 8239
AFLfast,pdftops,10,11762371, 0, 2, 249, 249, 10, 0.10%, 1, 11, 2, 1.19, 11632, 8239
AFLfast,pdftops,10,11838153, 0, 2, 250, 250, 10, 0.10%, 1, 11, 2, 1.24, 11679, 8239
AFLfast,pdftops,10,11895928, 0, 2, 251, 251, 10, 0.10%, 1, 11, 2, 1.50, 11721, 8239
AFLfast,pdftops,10,11952675, 0, 2, 252, 252, 10, 0.10%, 1, 11, 2, 1.45, 11762, 8239
AFLfast,pdftops,10,12013207, 0, 2, 253, 253, 10, 0.10%, 1, 11, 2, 1.15, 11807, 8241
AFLfast,pdftops,10,12061023, 0, 2, 254, 254, 10, 0.10%, 1, 11, 2, 1.41, 11851, 8241
AFLfast,pdftops,10,12119063, 0, 2, 255, 255, 10, 0.10%, 1, 11, 2, 1.23, 11896, 8245
AFLfast,pdftops,10,12177634, 0, 2, 256, 256, 10, 0.10%, 1, 11, 2, 3.37, 11943, 8245
AFLfast,pdftops,10,12233382, 0, 2, 257, 257, 10, 0.10%, 1, 11, 2, 0.75, 11984, 8246
AFLfast,pdftops,10,12286931, 0, 2, 258, 258, 10, 0.10%, 1, 11, 2, 1.53, 12029, 8246
AFLfast,pdftops,10,12337351, 0, 2, 259, 259, 10, 0.10%, 1, 11, 2, 1.50, 12071, 8249
AFLfast,pdftops,10,12382835, 0, 2, 260, 260, 10, 0.10%, 1, 11, 2, 0.91, 12112, 8249
AFLfast,pdftops,10,12448216, 0, 2, 261, 261, 10, 0.10%, 1, 11, 2, 2.13, 12157, 8250
AFLfast,pdftops,10,12486660, 0, 2, 262, 262, 10, 0.10%, 1, 11, 2, 3.20, 12205, 8250
AFLfast,pdftops,10,12525950, 0, 2, 263, 263, 10, 0.10%, 1, 11, 2, 3.01, 12256, 8252
AFLfast,pdftops,10,12564222, 0, 2, 264, 264, 10, 0.10%, 1, 11, 2, 2.73, 12299, 8252
AFLfast,pdftops,10,12592839, 0, 2, 265, 265, 10, 0.10%, 1, 11, 2, 2.66, 12341, 8252
AFLfast,pdftops,10,12624048, 0, 2, 266, 266, 10, 0.10%, 1, 11, 2, 2.88, 12391, 8253
AFLfast,pdftops,10,12662584, 0, 2, 267, 267, 10, 0.10%, 1, 11, 2, 2.76, 12432, 8253
AFLfast,pdftops,10,12691228, 0, 2, 268, 268, 10, 0.10%, 1, 11, 2, 2.90, 12477, 8253
AFLfast,pdftops,10,12733871, 0, 2, 269, 269, 10, 0.10%, 1, 11, 2, 2.61, 12525, 8253
AFLfast,pdftops,10,12764942, 0, 2, 270, 270, 10, 0.10%, 1, 11, 2, 1.34, 12566, 8253
AFLfast,pdftops,10,12823791, 0, 2, 271, 271, 10, 0.10%, 1, 11, 2, 0.71, 12609, 8253
AFLfast,pdftops,10,12863970, 0, 2, 272, 272, 10, 0.10%, 1, 11, 2, 2.05, 12651, 8253
AFLfast,pdftops,10,12905010, 0, 2, 273, 273, 10, 0.10%, 1, 11, 2, 2.01, 12693, 8253
AFLfast,pdftops,10,12948568, 0, 2, 274, 274, 10, 0.10%, 1, 11, 2, 2.53, 12745, 8253
AFLfast,pdftops,10,12978262, 0, 2, 275, 275, 10, 0.10%, 1, 11, 2, 2.40, 12780, 8254
AFLfast,pdftops,10,13021679, 0, 2, 276, 276, 10, 0.10%, 1, 11, 2, 2.79, 12824, 8258
AFLfast,pdftops,10,13079708, 0, 2, 277, 277, 10, 0.10%, 1, 11, 2, 0.71, 12865, 8259
AFLfast,pdftops,10,13132585, 0, 2, 278, 278, 10, 0.10%, 1, 11, 2, 2.58, 12913, 8262
AFLfast,pdftops,10,13173350, 0, 2, 279, 279, 10, 0.10%, 1, 11, 2, 0.90, 12957, 8262
AFLfast,pdftops,10,13215759, 0, 2, 280, 280, 10, 0.10%, 1, 11, 2, 1.66, 13003, 8262
AFLfast,pdftops,10,13270155, 0, 2, 281, 281, 10, 0.10%, 1, 11, 2, 1.75, 13050, 8265
AFLfast,pdftops,10,13312688, 0, 2, 282, 282, 10, 0.10%, 1, 11, 2, 1.71, 13094, 8266
AFLfast,pdftops,10,13354473, 0, 2, 283, 283, 10, 0.10%, 1, 11, 2, 1.67, 13135, 8266
AFLfast,pdftops,10,13401595, 0, 2, 284, 284, 10, 0.10%, 1, 11, 2, 2.15, 13179, 8266
AFLfast,pdftops,10,13454207, 0, 2, 285, 285, 10, 0.10%, 1, 11, 2, 2.05, 13223, 8271
AFLfast,pdftops,10,13506277, 0, 2, 286, 286, 10, 0.10%, 1, 11, 2, 1.97, 13269, 8274
AFLfast,pdftops,10,13555203, 0, 2, 287, 287, 10, 0.10%, 1, 11, 2, 2.04, 13316, 8283
AFLfast,pdftops,10,13598469, 0, 2, 288, 288, 10, 0.10%, 1, 11, 2, 1.41, 13358, 8283
AFLfast,pdftops,10,13647609, 0, 2, 289, 289, 10, 0.10%, 1, 11, 2, 1.56, 13403, 8284
AFLfast,pdftops,10,13685045, 0, 2, 290, 290, 10, 0.10%, 1, 11, 2, 1.54, 13447, 8285
AFLfast,pdftops,10,13723500, 0, 2, 291, 291, 10, 0.10%, 1, 11, 2, 1.58, 13491, 8287
AFLfast,pdftops,10,13728456, 0, 2, 291, 291, 10, 0.10%, 1, 11, 2, 2.21, 13500, 8287
AFLfast,pdftops,10,13766681, 0, 2, 292, 292, 10, 0.10%, 1, 11, 2, 2.11, 13544, 8287
AFLfast,pdftops,10,13813254, 0, 2, 293, 293, 10, 0.10%, 1, 11, 2, 2.09, 13588, 8295
AFLfast,pdftops,10,13865779, 0, 2, 294, 294, 10, 0.10%, 1, 11, 2, 2.54, 13635, 8295
AFLfast,pdftops,10,13905144, 0, 2, 295, 295, 10, 0.10%, 1, 11, 2, 2.36, 13682, 8295
AFLfast,pdftops,10,13909843, 0, 2, 295, 295, 10, 0.10%, 1, 11, 2, 1.71, 13689, 8295
AFLfast,pdftops,10,13957996, 0, 2, 296, 296, 10, 0.10%, 1, 11, 2, 1.66, 13730, 8295
AFLfast,pdftops,10,13995088, 0, 2, 297, 297, 10, 0.10%, 1, 11, 2, 1.76, 13774, 8296
AFLfast,pdftops,10,14046148, 0, 2, 298, 298, 10, 0.10%, 1, 11, 2, 2.04, 13824, 8297
AFLfast,pdftops,10,14083860, 0, 2, 299, 299, 10, 0.10%, 1, 11, 2, 2.00, 13867, 8297
AFLfast,pdftops,10,14126753, 0, 2, 300, 300, 10, 0.10%, 1, 11, 2, 2.10, 13913, 8297
AFLfast,pdftops,10,14164150, 0, 2, 301, 301, 10, 0.10%, 1, 11, 2, 1.11, 13954, 8297
AFLfast,pdftops,10,14168874, 0, 2, 301, 301, 10, 0.10%, 1, 11, 2, 1.43, 13961, 8297
AFLfast,pdftops,10,14224162, 0, 2, 302, 302, 10, 0.10%, 1, 11, 2, 1.59, 14010, 8297
AFLfast,pdftops,10,14261017, 0, 2, 303, 303, 10, 0.10%, 1, 11, 2, 1.12, 14051, 8297
AFLfast,pdftops,10,14301385, 0, 2, 304, 304, 10, 0.10%, 1, 11, 2, 1.35, 14098, 8297
AFLfast,pdftops,10,14306321, 0, 2, 304, 304, 10, 0.10%, 1, 11, 2, 2.26, 14106, 8297
AFLfast,pdftops,10,14365913, 0, 2, 305, 305, 10, 0.10%, 1, 11, 2, 2.10, 14149, 8299
AFLfast,pdftops,10,14370545, 0, 2, 305, 305, 10, 0.10%, 1, 11, 2, 1.98, 14158, 8299
AFLfast,pdftops,10,14413658, 0, 2, 306, 306, 10, 0.10%, 1, 11, 2, 1.88, 14200, 8299
AFLfast,pdftops,10,14489676, 0, 2, 307, 307, 10, 0.10%, 1, 11, 2, 1.72, 14245, 8304
AFLfast,pdftops,10,14495124, 0, 2, 308, 308, 10, 0.10%, 1, 11, 2, 0.57, 14248, 8304
AFLfast,pdftops,10,14563250, 0, 2, 309, 309, 10, 0.10%, 1, 12, 2, 0.60, 14291, 8306
AFLfast,pdftops,10,14567269, 0, 2, 309, 309, 10, 0.10%, 1, 12, 2, 1.30, 14296, 8306
AFLfast,pdftops,10,14573264, 0, 2, 309, 309, 10, 0.10%, 1, 12, 2, 1.33, 14303, 8306
AFLfast,pdftops,10,14637401, 0, 2, 310, 310, 10, 0.10%, 1, 12, 2, 1.31, 14346, 8307
